,Age,Salary
Age,1.0,-0.3296807987810062
Salary,-0.3296807987810062,1.0
