,Age,Salary
Age,1.0,0.9356642365449367
Salary,0.9356642365449367,1.0
